{
  "bottle_pick": {
    "action": {
      "q01": [
        -0.02277846820652485,
        -0.020074084401130676,
        -0.027227796614170074,
        -0.08915068209171295,
        -0.07399848103523254,
        -0.0847512036561966,
        -0.051245518028736115
      ],
      "q99": [
        0.024100111797451973,
        0.02059592865407467,
        0.029305199161171913,
        0.08025510609149933,
        0.12862925231456757,
        0.06448327749967575,
        -0.014250021427869797
      ],
      "mask": [
        true,
        true,
        true,
        true,
        true,
        true,
        false
      ],
      "mean": [
        0.00020209707145113498,
        4.585454007610679e-05,
        -0.0002279258769704029,
        0.0015932887326925993,
        0.0019087936962023377,
        -0.003568175947293639,
        -0.04409171640872955
      ],
      "std": [
        0.0077909184619784355,
        0.006894869729876518,
        0.010284529998898506,
        0.029383458197116852,
        0.03291506692767143,
        0.025486107915639877,
        0.009848631918430328
      ],
      "min": [
        -0.0663287341594696,
        -0.04766751825809479,
        -0.055662959814071655,
        -0.2316887229681015,
        -0.3697240352630615,
        -0.24097417294979095,
        -0.05230220407247543
      ],
      "max": [
        0.0630553811788559,
        0.05412176251411438,
        0.07628460228443146,
        0.19996555149555206,
        0.409667044878006,
        0.2238427847623825,
        -0.0002689361572265625
      ]
    },
    "proprio": {
      "q01": [
        -0.010763995349407196,
        -0.547477126121521,
        0.015413514338433743,
        -0.8649787902832031,
        -0.30454909801483154,
        -1.5671859979629517,
        -0.051245518028736115,
        0.0
      ],
      "q99": [
        0.5364710092544556,
        -0.16690485179424286,
        0.473814457654953,
        0.6705389618873596,
        1.5281602144241333,
        0.29973357915878296,
        -0.014250021427869797,
        0.0
      ],
      "mask": [
        true,
        true,
        true,
        true,
        true,
        true,
        true,
        false
      ],
      "mean": [
        0.2315691113471985,
        -0.3312223255634308,
        0.19270160794258118,
        -0.14838770031929016,
        0.6214480996131897,
        -0.657517671585083,
        -0.04409171640872955,
        0.0
      ],
      "std": [
        0.14831262826919556,
        0.09966948628425598,
        0.10219009965658188,
        0.3144172132015228,
        0.4410957396030426,
        0.501546323299408,
        0.009848631918430328,
        0.0
      ],
      "min": [
        -0.0950198769569397,
        -0.6131264567375183,
        -0.07165785133838654,
        -1.4636626243591309,
        -0.6340898275375366,
        -1.937731385231018,
        -0.05230220407247543,
        0.0
      ],
      "max": [
        0.5862197279930115,
        -0.043444953858852386,
        0.6189873814582825,
        1.2819221019744873,
        2.138453960418701,
        0.6020269989967346,
        -0.0002689361572265625,
        0.0
      ]
    }
  }
}