{
  "cookie_replace": {
    "action": {
      "q01": [
        -0.026822848245501518,
        -0.016077954322099686,
        -0.029066219925880432,
        -0.08821816742420197,
        -0.13303257524967194,
        -0.087124764919281,
        -0.05715838819742203
      ],
      "q99": [
        0.03060089237987995,
        0.01795472949743271,
        0.03184039145708084,
        0.0930950790643692,
        0.1348142772912979,
        0.08925799280405045,
        0.055791184306144714
      ],
      "mask": [
        true,
        true,
        true,
        true,
        true,
        true,
        false
      ],
      "mean": [
        0.0004738051793538034,
        8.912586781661958e-05,
        -0.00037612361484207213,
        0.0006532875122502446,
        0.0015879991697147489,
        -0.0017692227847874165,
        -0.00038906713598407805
      ],
      "std": [
        0.009619009681046009,
        0.005830083508044481,
        0.01054870244115591,
        0.030649160966277122,
        0.04452868551015854,
        0.0290118046104908,
        0.03359897807240486
      ],
      "min": [
        -0.08622749149799347,
        -0.06105530261993408,
        -0.06593545526266098,
        -0.24296510219573975,
        -0.42891743779182434,
        -0.32760366797447205,
        -0.058367665857076645
      ],
      "max": [
        0.07190962135791779,
        0.0452025830745697,
        0.11857619136571884,
        0.28855544328689575,
        0.384645015001297,
        0.30812954902648926,
        0.06504348665475845
      ]
    },
    "proprio": {
      "q01": [
        -0.012362794950604439,
        -0.4924347698688507,
        -0.11560562252998352,
        -0.8797725439071655,
        -0.3521445691585541,
        -1.8813965320587158,
        -0.05715838819742203,
        0.0
      ],
      "q99": [
        0.4094366729259491,
        -0.2001166045665741,
        0.35161519050598145,
        0.6224144101142883,
        2.2194502353668213,
        0.016057578846812248,
        0.055791184306144714,
        0.0
      ],
      "mask": [
        true,
        true,
        true,
        true,
        true,
        true,
        true,
        false
      ],
      "mean": [
        0.17877061665058136,
        -0.3442128598690033,
        0.10154073685407639,
        -0.04792235046625137,
        1.0896656513214111,
        -0.9837318658828735,
        -0.00038906713598407805,
        0.0
      ],
      "std": [
        0.10424499958753586,
        0.07235150784254074,
        0.11521822959184647,
        0.37039613723754883,
        0.7300840616226196,
        0.4379013180732727,
        0.03359897807240486,
        0.0
      ],
      "min": [
        -0.0559130497276783,
        -0.5728720426559448,
        -0.19580264389514923,
        -1.0756522417068481,
        -0.6285286545753479,
        -2.078601360321045,
        -0.058367665857076645,
        0.0
      ],
      "max": [
        0.4744334816932678,
        -0.05530337244272232,
        0.448481947183609,
        1.1935856342315674,
        2.427109479904175,
        0.48401784896850586,
        0.06504348665475845,
        0.0
      ]
    }
  }
}