{
  "jar_open": {
    "action": {
      "q01": [
        -0.021936895325779915,
        -0.01578626222908497,
        -0.031083969399333,
        -0.10829048603773117,
        -0.1330435574054718,
        -0.11841832846403122,
        6.86645489622606e-06
      ],
      "q99": [
        0.030125565826892853,
        0.019896863028407097,
        0.029787704348564148,
        0.10248773545026779,
        0.151545912027359,
        0.1054103747010231,
        0.004425624385476112
      ],
      "mask": [
        true,
        true,
        true,
        true,
        true,
        true,
        false
      ],
      "mean": [
        0.0003533957351464778,
        5.3794374252902344e-05,
        -0.0001728192437440157,
        -0.0021229733247309923,
        0.001968641532585025,
        -0.0035078725777566433,
        0.0012989853275939822
      ],
      "std": [
        0.008363128639757633,
        0.005877270363271236,
        0.010097700171172619,
        0.03488592058420181,
        0.0459408201277256,
        0.0356174074113369,
        0.001670451951213181
      ],
      "min": [
        -0.0661119669675827,
        -0.045404985547065735,
        -0.10189314931631088,
        -0.35525229573249817,
        -0.40017610788345337,
        -0.5976558923721313,
        0.0
      ],
      "max": [
        0.08871249109506607,
        0.05467957258224487,
        0.09883904457092285,
        0.3435312807559967,
        0.36305370926856995,
        0.3354889154434204,
        0.009999999776482582
      ]
    },
    "proprio": {
      "q01": [
        0.04167220741510391,
        -0.49854058027267456,
        -0.05870817229151726,
        -0.9611545205116272,
        -0.2129696160554886,
        -1.4508157968521118,
        6.86645489622606e-06,
        0.0
      ],
      "q99": [
        0.3599669933319092,
        -0.2156742364168167,
        0.36136800050735474,
        0.8314430713653564,
        2.1002283096313477,
        0.11963699758052826,
        0.004425624385476112,
        0.0
      ],
      "mask": [
        true,
        true,
        true,
        true,
        true,
        true,
        true,
        false
      ],
      "mean": [
        0.1919582635164261,
        -0.350870817899704,
        0.10538534075021744,
        -0.11177265644073486,
        1.169152021408081,
        -0.8375726938247681,
        0.0012989853275939822,
        0.0
      ],
      "std": [
        0.09177754819393158,
        0.08163822442293167,
        0.10411068052053452,
        0.4117337763309479,
        0.7593157291412354,
        0.3929620683193207,
        0.001670451951213181,
        0.0
      ],
      "min": [
        0.010502096265554428,
        -0.5325050354003906,
        -0.12173575162887573,
        -1.2261608839035034,
        -0.5163577795028687,
        -1.6564017534255981,
        0.0,
        0.0
      ],
      "max": [
        0.4378693699836731,
        -0.16175620257854462,
        0.4664340317249298,
        1.1860495805740356,
        2.1977345943450928,
        0.6090285778045654,
        0.009999999776482582,
        0.0
      ]
    }
  }
}