{
  "libero_10_no_noops": {
    "action": {
      "q01": [
        -0.6348214149475098,
        -0.7741071581840515,
        -0.7633928656578064,
        -0.09749999642372131,
        -0.14820000529289246,
        -0.2742857038974762,
        -1.0
      ],
      "q99": [
        0.7714285850524902,
        0.8464285731315613,
        0.9375,
        0.13928571343421936,
        0.15964286029338837,
        0.3246428668498993,
        1.0
      ],
      "mask": [
        true,
        true,
        true,
        true,
        true,
        true,
        false
      ],
      "mean": [
        0.01820324920117855,
        0.05858374014496803,
        -0.05592384561896324,
        0.004626928828656673,
        0.00289608770981431,
        -0.007673131301999092,
        -0.09156490862369537
      ],
      "std": [
        0.2825464606285095,
        0.35904666781425476,
        0.3673802614212036,
        0.03770702704787254,
        0.05429719388484955,
        0.08725254982709885,
        0.9963046312332153
      ],
      "min": [
        -0.9375,
        -0.9375,
        -0.9375,
        -0.23642857372760773,
        -0.3053571283817291,
        -0.3675000071525574,
        -1.0
      ],
      "max": [
        0.9375,
        0.9375,
        0.9375,
        0.30000001192092896,
        0.29357144236564636,
        0.375,
        1.0
      ]
    }
  }
}