{
  "so101_test": {
    "action": {
      "q01": [
        -0.045121096074581146,
        -0.057494256645441055,
        -0.043745119124650955,
        -0.12308234721422195,
        -0.5580261945724487,
        -0.22664733231067657,
        0.003025718731805682
      ],
      "q99": [
        0.0492100790143013,
        0.040213413536548615,
        0.1198379322886467,
        0.25633668899536133,
        0.3680718243122101,
        0.2018715739250183,
        0.49621784687042236
      ],
      "mask": [
        true,
        true,
        true,
        true,
        true,
        true,
        false
      ],
      "mean": [
        0.0039756339974701405,
        0.0007087839185260236,
        0.016841989010572433,
        0.02590803988277912,
        -0.07078768312931061,
        -0.0013583917170763016,
        0.13016961514949799
      ],
      "std": [
        0.01804392784833908,
        0.015786362811923027,
        0.031175656244158745,
        0.06384241580963135,
        0.1593412458896637,
        0.06906099617481232,
        0.15761148929595947
      ],
      "min": [
        -0.08627426624298096,
        -0.10022546350955963,
        -0.09858275949954987,
        -0.25387319922447205,
        -0.8487917184829712,
        -0.4030860662460327,
        0.0
      ],
      "max": [
        0.07352232933044434,
        0.06591720134019852,
        0.18064182996749878,
        0.35747891664505005,
        0.7407198548316956,
        0.3715818226337433,
        0.6217851638793945
      ]
    },
    "proprio": {
      "q01": [
        0.12974438071250916,
        -0.06252557784318924,
        -0.014270895160734653,
        -1.2333906888961792,
        -2.9393489360809326,
        -0.029588138684630394,
        0.02638190984725952,
        0.0
      ],
      "q99": [
        0.3572486340999603,
        0.2358534038066864,
        0.22761166095733643,
        1.4544533491134644,
        3.042552947998047,
        0.9444132447242737,
        0.4886934757232666,
        0.0
      ],
      "mask": [
        true,
        true,
        true,
        true,
        true,
        true,
        true,
        false
      ],
      "mean": [
        0.22710946202278137,
        0.06134364381432533,
        0.06461174786090851,
        0.3990383744239807,
        2.184347629547119,
        0.3432101309299469,
        0.16171236336231232,
        0.0
      ],
      "std": [
        0.06052442640066147,
        0.07513292878866196,
        0.07192127406597137,
        0.5377426743507385,
        1.0227928161621094,
        0.27037325501441956,
        0.13161489367485046,
        0.0
      ],
      "min": [
        0.10162115842103958,
        -0.12225279957056046,
        -0.020989829674363136,
        -2.019899368286133,
        -3.096622943878174,
        -0.08602911233901978,
        0.02638190984725952,
        0.0
      ],
      "max": [
        0.38192611932754517,
        0.26365146040916443,
        0.2865029573440552,
        1.8159269094467163,
        3.1187844276428223,
        1.053795337677002,
        0.6143215894699097,
        0.0
      ]
    }
  }
}